"title","avg_rating","rating_count","phone","website","address","images","category"
"Gloria Molina Grand Park Playground","4.6","85","+1 213-972-8080","grandparkla.org","227 N Spring St, Los Angeles, CA 90012, United States","https://lh3.googleusercontent.com/gps-cs-s/AB5caB_blZreZQTvfEpOVvL8USvqRp-U9c3Xw15HoCVMmQJFEUoafwk0CdwtDnbjP3d7vnD3rF_8dGgliQWYsSLUNaLXHX751OkYz1mIefe7ZeNkqfLGmD889u7la39gGk18PC_9qltW=s4196-v1","Playground"
"Playground of Dreams","4.6","134","+1 707-746-4285","ci.benicia.ca.us","101-199 W K St, Benicia, CA 94510, United States","https://lh3.googleusercontent.com/gps-cs-s/AB5caB-UlZRVtR5gmc3GNYbRCwbqoi_f_UVaN3phJ2_VK9Q0UpxAmYH4XBaJQCgznF-I09a7Sba5JVK6Qm963-FTvcR3XaWJglQUIJYYhG_LkJB0Fil0-UgHPpVIbLGELqrpYD0b2mF7=s4196-v1","Playground"
"Children's Playground","4.8","167","+1 650-522-7434","cityofsanmateo.org","2720 Alameda de las Pulgas, San Mateo, CA 94403, United States","https://lh3.googleusercontent.com/gps-cs-s/AB5caB-NWusHYcEiRekn9ZGHtOaVbFUChfwUMOq2-Gkas-tVs8bomOnQGpB9Rz-E3ZX0ppeuaPKU7qVirYerEettHc8R_a34ay7HpNAhBvoHHhBDpVd7C-oRNunsKO93ovmaKyLm199c=s4196-v1","Playground"
"Magic Mountain Playground","4.7","468",,"parks.smcgov.org","12 Airport Blvd., San Mateo, CA 94401, United States","https://lh3.googleusercontent.com/gps-cs-s/AB5caB8esEHWhJbXezmYjghJn4065gKqIxZ64fRPU7r4tsPxYxzAJN_EuLa_ndipgO7rkMt9-3OB2HfxSEBhKwz-4bZSajpp9tAP8Hvykd2Ey1fB4Wi4CyEYyS5fxDc1A9CfUTy0K_Q=s4196-v1","Playground"
"HB All-inclusive Playground","4.7","458",,"huntingtonbeachca.gov","913 Pacific Coast Hwy, Huntington Beach, CA 92648, United States","https://lh3.googleusercontent.com/gps-cs-s/AB5caB9CAeAZH0ARZu2StTdS_Ka7Y7vCfDrp0E8EENcD2SW1aWl1MRGiR4R4UOW2mZqmH-ass4emMyGjchWUO9cuMW2AX8qZJbTgCTIG-sn0ihVyyGAVXj5q1Z9zivOK9iQ1uIM2vdFD=s4196-v1","Playground"
"Adventure Playground","4.7","568","+1 510-981-6720","berkeleyca.gov","160 University Ave, Berkeley, CA 94710, United States","https://lh3.googleusercontent.com/gps-cs-s/AB5caB_y5Sd4RzIkR3-v79kNpsR1ad697YiJhEyg6C6TubUwXh3uz7OZ4RFma3mqBP6DDrufNWgmJ7TiK1eqiUCkleapre7gQbHdVom6bmsWM4Wn_IRw-85mWXrfXbsfJB72wTcc8LuC=s4196-v1","Playground"
"Adventure Playground","4.7","790","+1 949-724-6818","cityofirvine.org","1 Beech Tree Ln, Irvine, CA 92612, United States","https://lh3.googleusercontent.com/gps-cs-s/AB5caB8GCoLlQJKOFlsOcasFsg82xiCFVKWWKerJgXgDAWDk5zK-ADaB-LTU4UNu32njlEs6PetmTanN3FYhJz5OMnEJ5k9UTBWixKSRH6dy2BKQ0Qg8GsynYdhvYx1mGwX8TDjAm7At=s4196-v1","Playground"
"Angels Playground","4.7","233",,,"970 Arlington Dr, Costa Mesa, CA 92626, United States","https://lh3.googleusercontent.com/gps-cs-s/AB5caB8QC3ok4tJDkEopxcgLtEm4Jzt_0dWGCtIWPejFzOht4ax4Y0deFm4Gcr7XE4HEN5tV_CUmvDs3KoQrJfP2E_QezDiqGj22uKD2Kxu-BXf2QlBnbEQP0pmQ0fZnMy1L4F5EMA60Pg=s4196-v1","Playground"
"El Sereno Arroyo Playground","4.5","330","+1 703-858-2158","laparks.org","5520 Concord Ave, Los Angeles, CA 90032, United States","https://lh3.googleusercontent.com/gps-cs-s/AB5caB9hLf3y4Q0ysbc0DkYZVwwqeDrYB0GDJsB0oWjlUzebXCH-dCSeMu63v4wuUtv1QPfv3l-JudY0-ldmSCU5vQBD0UowjUbFf-aa7YyFxWS0E6Xt3Biok_x4TfzF8u5nW9DqwgQ=s4196-v1","Park"
"Folsom Kids Play Park (Castle Park)","4.6","682","+1 916-355-7285","folsom.ca.us","201 Prewett Dr, Folsom, CA 95630, United States","https://lh3.googleusercontent.com/gps-cs-s/AB5caB8w50bKfsrHCUAGqKq_CWlwCZ7ikLmEybjVLlBmwZVJNs5mo8IL4U30Uy8GDgxrKEOm2yATej2wLSahwPF2Ub1etoUu9scldZHP16TTsF1Z_7PEvvd7DNaSZOhtULseMcEbsCIH6g=s4196-v1","Park"
"Playground | Redwood Place","4.8","50",,"sunnyvale.ca.gov","1090 E Duane Ave, Sunnyvale, CA 94085, United States","https://lh3.googleusercontent.com/gps-cs-s/AB5caB9TkDudVi5y16TOuNPV3h4K_UpWpR9m7ba1yqxkzR7VfaNRx4ibfTNIfB4nF-ct_KLq_d7SUoIVmiM96vUksPgpiuwS48-S4ddLnhTPyo-H0SW3wn2SnSJ1bx-98OXOqoXtFbUc=s4196-v1","Playground"
"Sabercat Play Area Central Park","4.7","414","+1 510-790-5541","fremont.gov","Fremont, CA 94538, United States","https://lh3.googleusercontent.com/gps-cs-s/AB5caB8SZKt7Dn7pDtjkA4R1UHwjc3qFThHv-dIAUGL_cZsh5p2tYu0mr8aW4hmE0jLqj56Q2C29mp5SKSQ2lN-mOivDasceehzBvscV3ZyPwniyy_Ctbr-bL21gK-FyG5Us48nNDMhGDQ=s4196-v1","Playground"
"Magical Bridge Playground","4.6","216","+1 650-538-2850","magicalbridge.org","540 N Fair Oaks Ave, Sunnyvale, CA 94085, United States","https://lh3.googleusercontent.com/gps-cs-s/AB5caB9gAf0tI2cz-7z2lflc5UdGMGSrPyluaNpsr-PiZGJmhhEyoQKmdvyeXFJ-sI4UshLpRkBhzw5rgOJQWc71KTA6EOAKt75mCjrHThUDh5bRSG53-SBhKHObKGyH2ZoXc61cD-j5IQ=s4196-v1","Playground"
"McKinley Park Playground","4.7","167",,,"601 Alhambra Blvd, Sacramento, CA 95816, United States","https://lh3.googleusercontent.com/gps-cs-s/AB5caB_9R0uTY10dkDKiAW1_l8zvSyUBpzDHoG3SMWrQ2JTaLpJ7Uqk1sQBlgkAzshDH7lFNn1SKlbomW16uj5tdbirTxeVS1tcsqKJCNC_L4mXJ2tgZQeDGhQPV-rmmdRKqLYvA3jIZ=s4196-v1","Playground"
"Rainbow City Playground","4.6","90","+1 530-757-5626","cityofdavis.org","1405 F St, Davis, CA 95616, United States","https://lh3.googleusercontent.com/gps-cs-s/AB5caB_ogpnIzmrmKmszAXzPamFrAKa2jD7eHTihcJycGLjuy1Rc-LbioZlWXdUqWMFOgu8CtWd__CgxIr0DRza4QDwjHLuy6WKx1BEk2N3C4TuGpcxZYnhsAooDygYiHnFgYGobmt85=s4196-v1","Playground"
"Griffith park","4.7","810",,"inclusionmatters.org","4800 Crystal Springs Dr, Los Angeles, CA 90027, United States","https://lh3.googleusercontent.com/gps-cs-s/AB5caB9esxks9upmTS8ysqoIyCV0JI2OdzElkbz1C0k2I9H0aF82Fo3NPrPfP0R36P3bYL6zWjlRUeYFU_Yq2k8yc0GJDqagqRSuML4BeIPX8Ajo9BcLcFY8Zy4Nx8l4eGfj3vtdBlgP4g=s4196-v1","Playground"
"Atlantis Play Center","4.3","395","+1 714-741-5200","ggcity.org","13630 Atlantis Way, Garden Grove, CA 92844, United States","https://lh3.googleusercontent.com/p/AF1QipPoOjx37emg1VSprDHmYbB3MgCn-JVeyrJVRdzA=s4196-v1","Playground"
"Discovery Well Park Playground","4.6","132",,,"2200 E Hill St, Long Beach, CA 90804, United States","https://lh3.googleusercontent.com/gps-cs-s/AB5caB9MTq80Y7_Guep2LFJI9GxwWPcVjSMbU__nOLKmqMEepmxvB26QavK98fOklKl2EgAca7BrEFgAf5d1OCZ87mASUW1uDdVcjzBJYeZFVcVTbeveU3rF1TZnwRpAMKX8YXVyugvy3g=s4196-v1","Playground"
"Vermont Canyon Play Area","4.9","40",,,"Vermont Ave. & Commonwealth Canyon Dr, Los Angeles, CA 90027, United States","https://lh3.googleusercontent.com/gps-cs-s/AB5caB_aNdLCBb7HFqoF9_47Vqns-U2VDcNL8exW55Vv8c3bW_uOdf7tLkSC3S3Iv-k0zH1MulvGy6CmEzZFFVM3oGNvz8hTqNc2DAMM3BuJO4yNKpJgeIriM9XHbSfoG2Xq-h5q0_9K=s4196-v1","Playground"
"North Beach Playground","4.9","41","+1 310-458-8300","santamonicaparks.org","810 CA-1, Santa Monica, CA 90403, United States","https://lh3.googleusercontent.com/gps-cs-s/AB5caB-0zsJE0KA6PdJ7tsnt3P5mimCsXKPuvjHc2pSflnFXv97sAE2huHdbsEF7-a8UNXodovobo-O_xanJAGsL9HqrETzS3hCMmxhvWVk75M-vQK2ZQ66iOI_R2oJI3jolH46G5q0e=s4196-v1","Playground"
"Dennis The Menace Playground","4.7","3410","+1 831-646-3866","monterey.org","777 Pearl St, Monterey, CA 93940, United States","https://lh3.googleusercontent.com/gps-cs-s/AB5caB-gIoVN9hL4Z3bAABPYpLGDuWZLINggimLR_U7Z80lX3o0oAnMJLHK4eVkTZfhLrZr-hhlat0qnztkMMsKNHVTuZ8jUE144gMARfFTXOmvCs1CgZR37ZyuG4lzbzEi6vFz8Vk32YQ=s4196-v1","Playground"
"California Wilds! Playground","4.7","10",,"oaklandzoo.org","Oakland, CA 94605, United States","https://lh3.googleusercontent.com/gps-cs-s/AB5caB9D3uMzBn10eRe6U8fdTs_R7FVrGO7BsQuBcuVwkiPiTbqmSQhjhvQZKlv-yKy88BzctLNjudj8om_ETkP9-jNwv0KOmccC6CAoyhDvot_G72JrIiPFyZwBmGF7e_9T4MKRlRVAqQ=s4196-v1","Playground"
"Plaza Park Playground","4.5","173","+1 559-713-4365","visalia.city","9000 W Airport Dr, Visalia, CA 93277, United States","https://lh3.googleusercontent.com/gps-cs-s/AB5caB9iGJHIJwE1o_bWee9bgfTS2sCWSePq52ikh5yS0hoTzebhg9GAUbBSZ7a_eJsuQ2znJNHBcSgGAmF1OzbcG6j8BnjcIcbRSZt1gq63-RtJMZfWfUNrd39VKYXHk_YKJvRo_tB9=s4196-v1","Playground"
"Newport Beach Playground","4.8","51",,"newportbeachca.gov","1400 W Oceanfront, Newport Beach, CA 92661, United States","https://lh3.googleusercontent.com/gps-cs-s/AB5caB-mIQN2eYiRmwPdNLVeogyuZlg5pAiPFN8K5ZQdL8elLrH19LaP6ImzFXZki4smgH0e6OQ3UD0LtMeRl-8PGBpWNdCLo3NMvsYK_SE7IsWqcOL6xFNOvlV04JQJ9bwu4sQOr7-A=s4196-v1","Playground"
"Playground Fantastico","4.6","306","+1 707-257-9529","cityofnapa.org","Old Sonoma Rd, Napa, CA 94558, United States","https://lh3.googleusercontent.com/p/AF1QipNOVVMPOkhLp-0wdxk_vx-TqD4H10q7WUI4OBh-=s4196-v1","Playground"
"Ladera Park Toddler Playstructure by Landscape Structures","4.8","27",,,"5908 59th St, Windsor Hills, CA 90056, United States","https://lh3.googleusercontent.com/gps-cs-s/AB5caB8MZKXsZOxGh37P6TneNIL2N52R7FWuw4FVpPCtUUvaiya98G0-9h5tAWmHzONwS7nNqQOEWXPn3WZrrQqdhOOMyRdWu3ErAOlqHlLa2SZqTfmoZvxi0GRdebC8qGyD9c_NPTyZ=s4196-v1","Playground"
"Rise Park Playground","4.6","17",,,"249 Sawbuck, Irvine, CA 92618, United States","https://lh3.googleusercontent.com/gps-cs-s/AB5caB9taEb9sK3LKEn6vrJIIASO2B5njLybeuh-pTt_AZ5UMr2act2jVx9Rjdn4DCkmMRtf3RvhN5CKh94TTB2s3vQexoJAxTknkD6qjB8PPljnwniBqBcvtsoQGqKZCkI7oW3nsyk=s4196-v1","Playground"
"Livingston Park Playground","4.6","108",,,"4700-4798 E Livingston Dr, Long Beach, CA 90803, United States","https://lh3.googleusercontent.com/gps-cs-s/AB5caB-UC180eUBVHsnVun_Y_opydQzFldxob56XY9GZmB0d8rYA90Kpuy4vcckdWQhNzcNL0qkJDR5TPk4wP7YdrFQQw89dr70mrTez5Vz6YROAWf9LoXc5pucjKcieuiaXLi9XzE9g_g=s4196-v1","Playground"
"Ocean Park Playground","4.7","16",,,"4288032916, Santa Monica, CA 90405, United States","https://lh3.googleusercontent.com/gps-cs-s/AB5caB9BUOdPkKc8icmv9fPAhFKEJp9mx2Dw6jPp--quA6p1q0KHU_PxOffxPYELI-7UMn6_bO3Ktqa_mHVGHFHBlQ2cIOl0K1j2XASTz2_5jBDGiIzRz7cr7jhjwRupn_PaMiBIY-pA=s4196-v1","Playground"
"La Laguna Playground","4.8","9",,"nps.gov","300 W Wells St, San Gabriel, CA 91776, United States","https://lh3.googleusercontent.com/gps-cs-s/AB5caB_MKfwYyKThOXgefyz-enU4CYu7TqyHRT_S5bQB9HH-KjLuwc1xirFwAmHB6V1pSvxGKYfwKzYOSKzCK8er00ir7CXkGTK6fEQoBjg_MNHMYUoFwh_GT10bbc3ucY9SPl4NQcWo=s4196-v1","Playground"
"War Memorial Playground","4.4","103","+1 408-615-3140","santaclaraca.gov","295 Monroe St, Santa Clara, CA 95050, United States","https://lh3.googleusercontent.com/gps-cs-s/AB5caB-OSFFJisRgwqfB3CI69eDUEDHIy6H7Sa1tYIO9_KYzSkqPRu88xFlki57HcTrKCWt5mmUx0de092BNQ5lGUMWPAG4OFZQZyxv1VQMQlJP5uhu5pXn1WrsF4L7gm7SKBi0aOGynFw=s4196-v1","Playground"
"Playground","5.0","2",,,"808 California St, El Segundo, CA 90245, United States","https://lh3.googleusercontent.com/gps-cs-s/AB5caB_ygT3Q91C0t_FJM2nsLPTX1ERCUP6quGzydkFYM8m6eYpNi4-06p1iGbT01n0n0WynUoeDC3R_KPmOfVGD4UWz_2V5gc-cahitbt7FQSquTvCPlKVvCp1qiq1HPz-893dGYLs7=s4196-v1","Playground"
"Carbon Canyon Regional Park Playground","4.5","21","+1 714-973-3160","ocparks.com","Carbon Canyon Rd, Brea, CA 92823, United States","https://lh3.googleusercontent.com/gps-cs-s/AB5caB-t-ewGwX7JEzhJYWxikJMChLGetUaATEIIJ-Ikj_naitlbzPGT64tssJ-vOXYBlynYkChGWK6xLreV03lQH1lEXabmjrY_UGccgLwd6QEzFiXe12rDoeGKzF4LantTsB3dgnxmSg=s4196-v1","Playground"
"Pioneer Park Playground","4.8","26",,,"1308 Cedar St, Calistoga, CA 94515, United States","https://lh3.googleusercontent.com/gps-cs-s/AB5caB94ALrMve6JlQGoIWNB30o4fmB01i49z1WrJiBY7HhcCdp95oYAHydCRP0e1TylVZccmBd_imH23Jh8io9M_fpeRxyJiA6AYNMF5GZnexD8XCVvfg2WELDRf9DhBaXT7o2ucjkx=s4196-v1","Playground"
"Adventure Playground","4.1","91","+1 714-842-7442","huntingtonbeachca.gov","7111 Talbert Ave, Huntington Beach, CA 92648, United States","https://lh3.googleusercontent.com/gps-cs-s/AB5caB-zJk51svAk-tOJUwYUZs9yAdRV44hJPVp0TDQIAUAFFkJtSX4vggL1bt-hqdxPpXwjn3KVxaCv9l4i7REZo12fb49f3xpMq9RjdyS6gaUrFruarEX0ySpLcfpuclRt2a-PBYtb=s4196-v1","Playground"
"Clover Park - Playground 1","4.6","23","+1 310-458-8573","smgov.net","Santa Monica, CA 90405, United States","https://lh3.googleusercontent.com/gps-cs-s/AB5caB-l1WHnGsGeuEzHoXzAckA9h1OpHUTUO5dnXpzVwvWoIZgrG_hqOCQK_x0Y54LxhtNDUf9STDz92-Uj2bDt1XVr-vZC6Kz3mc7pzT9HR_RFSGYQWD5np1_XPc8Jxu-_BDc4r2-G=s4196-v1","Playground"
"Playground Pavilion","4.4","21",,,"South La Brea Ave, Los Angeles, CA 90036, United States","https://lh3.googleusercontent.com/gps-cs-s/AB5caB8NxfV5gJzHetIjBXmOXUvs6-JXxD35z83cpIueB8a_JJ6Cey2FYfM0tNuuZoqPDCpfopcrGhJq8mmL4KZxr28EJA3q7wnaVGe-70SrCgbuRwlZax8LoCzXd9bo6RaxbuiU8swl=s4196-v1","Playground"
"Helen Diller Playground","4.7","589","+1 415-831-2700","sfrecpark.org","San Francisco, CA 94114, United States","https://lh3.googleusercontent.com/gps-cs-s/AB5caB_y8ZHMXBAZiR27NhwpIwQ5mX0UsqEphLC4__rCqETcgu0UXTJ1IIzzHwFbHUf0MKycfjSG3-afFU_rdE6vavMoYHx_L1IjK8inO7YF70dgiBLdtz5EEk-YC_D4riGfRuUYcLk=s4196-v1","Playground"
"Cohn Park Playground","4.7","19",,,"Folsom, CA 95630, United States","https://lh3.googleusercontent.com/gps-cs-s/AB5caB8fghLSW2mU6JSOLT5kfZsol4-jNvadLzO0_OhGM4ghIw1DZe6l8Yfr-LBku-dWWTFGdGup6sPC-_k3mv07XhfuzaIPkkQ15GOsI-_mYdVl4TK0Nw4tjCfdz8RMP8HMB5b3X5ZX=s4196-v1","Playground"
"Vista Del Verde Park","4.6","133","+1 714-961-7160","yorbalindaca.gov","17600 Lakeview Ave, Yorba Linda, CA 92886, United States","https://lh3.googleusercontent.com/gps-cs-s/AB5caB8gTsCwJdN53dNkJzqTW9rmcUQFJJEMHcfvY-JfJetr6I0rEqDlgn5KSOQvJVOHDTaQL1_XKzru2VXqOtDIgFfCWcJoRGn032aWxVACfx_jbeZa1FRCcMk68Qk_dpldVE0yWk8-=s4196-v1","Playground"
"Ohlone Greenway Playground","4.4","64",,,"Ohlone Greenway, Berkeley, CA 94703, United States","https://lh3.googleusercontent.com/gps-cs-s/AB5caB_Tuy48958l3T_bK--MeoQ4ikMYgkGa4-ssUUqrnJ8HLneO-gug9W18WVClArkcBFerqbT9nJ-RAiep8Fr13-O8bhn_UYuL2LUbAxum6piNERqiZA1JBooKoSx_XnKgDcol5EsR=s4196-v1","Playground"
"Mountain Lake Playground","4.8","194",,"sfrecpark.org","1 12th Ave, San Francisco, CA 94118, United States","https://lh3.googleusercontent.com/gps-cs-s/AB5caB8bH6SKXoohI1R5GHSNE7qoOCEAFfejOL4adsbSHJ7TrOGFMKX6bhZiSMjSkBdtOzXdgo3KY8U8JK9FqR9qVNvo4F0nhMYkIWhwSXy1Uf-KURcIUxTsGDDYcWzQfN84TLPMOcfP=s4196-v1","Playground"
"Balboa Park Playground","4.6","116",,"sfrecpark.org","34 Sgt John V Young Ln, San Francisco, CA 94112, United States","https://lh3.googleusercontent.com/gps-cs-s/AB5caB9xdZ9KEGCOho3jKsP6DyT78NrpR4yKspFjMDKnhO2t_WUeCMwLH4TUhH_I9DerCmfe1wNSnYJrPhj7pVhZhaJJvzdiaNV03lPNWjGKrhcpgOGT86kKeCh7pWljm5hnnGdirPKz=s4196-v1","Playground"
"Sacramento Adventure Playground","4.8","19","+1 916-222-3831","sacadventureplay.org","3301 37th Ave, Sacramento, CA 95824, United States","https://lh3.googleusercontent.com/gps-cs-s/AB5caB_wz7rV_55766TCs4nqWfL5kN00h2PudzbEBgT59BkUyn6e92MWOpbDUjvoAqbPYgl9b6yEppHbEv8w-5ug9XuQZtlA_gZ_I8Au0Xo9CWqNuScht2iQY_rXJAohlF77v8u4-Pi_Bw=s4196-v1","Playground"
"Huntington Beach Central Park West Playground","4.8","32",,,"Huntington Beach, CA 92647, United States","https://lh3.googleusercontent.com/gps-cs-s/AB5caB-IHvL72-xZuIzEr8-mSCMwCnRMOIzwzsx4C1knpWwW5xJ9FXGwckU7k2HOdwp0-8x1zWSw7AJHK9Ys27JsqXeYDIPAf4gLq_VnQzN50cgN3IEflNEFaMJdC0JL9qpB-gEdR3VAPw=s4196-v1","Playground"
"Holly Playground","4.5","60",,"sfrecpark.org","266-352 Holly Park Cir, San Francisco, CA 94110, United States","https://lh3.googleusercontent.com/gps-cs-s/AB5caB8Tvo2DtodL07bmvNMxCIyPqxfOxi-MApYduzoq4g-KPIc8VTzIQ4Hy38ZawyAWj7BNJXoZ83tfiuvaEkxZto1aGTwRshT4EaoALvk3e44BA6U-rRJ6ajvZOM4gXpjxIakob70M8w=s4196-v1","Playground"
"Koret Children's Playground","4.7","1104","+1 415-861-0778","sfrecpark.org","Koret Children's Quarter Playground, Martin Luther King Jr Dr & Bowling Green Dr, San Francisco, CA 94117, United States","https://lh3.googleusercontent.com/gps-cs-s/AB5caB_59Va74BQGTISYEXxvO9E0VechtyGn4Dsq4Fo1LXLYxi9Hj-XaS8KXd0zSPTAj5k8nlgpfSsWDRC2xjY87bHta8lxJ96dBfu3M2Yvam6I4vNdW5tMRTjmDt6oKZle8f7VHqZl9=s4196-v1","Playground"
"Playground","4.9","44",,,"Holmby Park, 601 Comstock Ave, Los Angeles, CA 90024, United States","https://lh3.googleusercontent.com/gps-cs-s/AB5caB8w_z2NVsi5U53L3gVpWfQ0-y-Cn8wJV9F_2qaCbtt3_VF_XbNUKDcYZjkjlZpOjLyXLxwiwUBS3LK6RjOXgDUsT7ioSaFG_ELVTjrnekKxIWGX5POtY280VPB8H2paGik4ytZL=s4196-v1","Playground"
"Kids Empire Bakersfield","4.4","711","+1 661-405-4650","kidsempire.com","4220 California Ave, Bakersfield, CA 93309, United States","https://lh3.googleusercontent.com/gps-cs-s/AB5caB_7vIUny9bWCFfXTI3Kcq-ixTPdSH73l9S_wO8DP3rCrRmzyeYwvN9p3z5p0KxrqsNvDehUg1ybshJ603GenZm1CMJcd1kd5Oq9ooeZ7EhS_J37g0a9fzAjtN40thoaclNMV3fc=s4196-v1","Indoor playground"
"The Pirate Park","4.7","39",,,"360 N Arroyo Blvd, Pasadena, CA 91103, United States","https://lh3.googleusercontent.com/gps-cs-s/AB5caB81U1-M3zIdU2txC1KbGggI_mR1RlVtsdt2obyXEg0rFMFVjlU1SZPCjF2rItJgOrcl6h_uaC8R77g-ZU6mO349MCEjBQQz3V-kz7ptcAgfwBljmdh5X-4peg8Wz4FmdIWXtTeJmw=s4196-v1","Playground"
"Yorba Linda Adventure Playground","4.1","71","+1 714-961-7100","yorbalindaca.gov","4601 Casa Loma Ave, Yorba Linda, CA 92886, United States","https://lh3.googleusercontent.com/gps-cs-s/AB5caB_nPbFUfkLM0Tlh5cKBEzK2IySIBLn9DdfceNi1HHeZKIML1yXLev8goAY5R9QvOM6_Z0BZ0KDVI6p2IDGCxmlTuaF2tAQA9wlsBPRXEfTZion44QMWRrFfzgZ1oPLHVqWwiP5DoA=s4196-v1","Playground"
"Fremont Park Playground","4.5","40",,,"1515 Q St, Sacramento, CA 95814, United States","https://lh3.googleusercontent.com/gps-cs-s/AB5caB8BXgy3mq2vu0OcwofLQWC7WFSVPh-2qqj4W3AtTi29ArgUC8hKTELnDoxF0AXw31ValdhKlpM-MKjSFy6OFEdENPGNPr-_IAeNW4WhJSTgtUFBGlFmBxI04CTZTEpEBisiQ8o=s4196-v1","Playground"
"Aidan's Place at Westwood Recreation Center","4.7","344","+1 310-473-3610","laparks.org","1350 S Sepulveda Blvd, Los Angeles, CA 90025, United States","https://lh3.googleusercontent.com/gps-cs-s/AB5caB8fiW3RPfRYeuQllOCFNZQ_2u7cu_APWz7h98v3AcRmUQEPl03nIuWPHB919zR3s5X8VpjV8IBYEmWiDhOnO5nPfGCYdEJx_ui0pkrbNFBixjCeaR7yVUei0_-K7PLbIpekbx7t9A=s4196-v1","Playground"
"Mile Square Regional Park Playground","4.3","17",,,"Fountain Valley, CA 92708, United States","https://lh3.googleusercontent.com/gps-cs-s/AB5caB9akVOv19GIsLy_HIDJNBGUtSjkeKdshMh02YEDGs_3-optE3PeP4Y6N2L74rb2vI6Cp_8murZ-0LFo4CK4iZU6XwLXzZV2jOxyg9gx9dqVf3BzkIdnO5jFUHxHW1jn8PNsVrA2=s4196-v1","Playground"
"Playground","4.3","16","+1 818-756-8189","laparks.org","21725 Califa St, Woodland Hills, CA 91367, United States","https://lh3.googleusercontent.com/gps-cs-s/AB5caB9NuPZkbsp-4iv7QAieg4r8gXPDP36XF7fbcJsTGlaRcwjRykRZv1pKvcc0_gpUS9-hoL3DCHdJKH0ynfp2UPYYEjty3R_DYGUjXdC5ZIoETTonhQxxaTI_WzuyAYTL-f2mCYJ0Xg=s4196-v1","Playground"
"Playground","4.7","78",,,"Unnamed Road, Santa Clara, CA 95054, United States","https://lh3.googleusercontent.com/gps-cs-s/AB5caB_KFFLWysOykAjytYERIgjk5FMr57p_PE_Dyi15P1bqB_2r9XW2-LWRVR6ptohEDcPPEG7s3irzcKlHEyddeA42KemWcjpV3lgb5m1kD1gzMG1R_VbbK2PRqSV1t9W7N3RpCG9g1A=s4196-v1","Playground"
"Astro Park Play Area","4.4","72",,,"1210 Lakeshore Ave, Oakland, CA 94610, United States","https://lh3.googleusercontent.com/gps-cs-s/AB5caB9AmCdWOiQuA92Ybd3Hf74Hqm43Ap26fCusYrWgLTIAdrLiZVwjAZDPYred6FtV5EcxCxy7lZ-UgA6MMnQ7lxuC60AyIm4TIabLzjSNAqLMIt4hlkmyF5Xb9A7XEzIJB0F3=s4196-v1","Playground"
"Bill Barber Park Children's Playground","4.9","21",,,"Wall Of Recognition, 4 Civic Center Plaza, Irvine, CA 92606, United States","https://lh3.googleusercontent.com/gps-cs-s/AB5caB9iKtYRJ_mawdrlqzRyC0KyUxPielppyNy7Afo2qqOIbvIEwtHbkhKvjHxjeSzNqbjb86BTuz4rmh3cUF2hzTF2RiJAoFIX77xiNf8sRDoBybvHKmukxlggHr8yDWGM86ySpx2X=s4196-v1","Playground"
"Tatum's Garden","4.7","770",,"tatumsgarden.org","1 Maryal Dr, Salinas, CA 93906, United States","https://lh3.googleusercontent.com/gps-cs-s/AB5caB9UWUhVjwWjALG-LyhegycXayZzgktFfXyqc1oIKOJgE75s1FWUy_QnTK9_5BP5sLnzAwYUvhAkIja4VKgrSie2U_mGBXFR96LNLUb5tWQywqWmP47ODnZpEb-MG-Pb8iukPyA_aw=s4196-v1","Playground"
"Playground","4.6","24",,,"12252 West St, Garden Grove, CA 92840, United States","https://lh3.googleusercontent.com/gps-cs-s/AB5caB9v7cPH3oC47Grr59XVSV0EDxqLSUJg4ANtt00PB7b3xFXj_NbWiTYFRnWReN1ynr5fhTgFO88JD-9fE7kaQpbEiHCVYtWa-ACD_cLHhoD3onb-S7uiVpI0Tl8BtKWMw6IWNnc=s4196-v1","Playground"
"Kids Empire Anaheim","4.4","519","+1 714-587-5500","kidsempire.com","2078 E Lincoln Ave, Anaheim, CA 92806, United States","https://lh3.googleusercontent.com/gps-cs-s/AB5caB8uhTG2iitW82DgBvVUoWLx-E-QZaBRR7F1DImIcMIONlNXNm53I59oMzN2K1tgMgpQUl0p9UHHDFE8MYtdU_LVhHNmJGNUvscbKirqnMesemuhMnb3XIGdf3B98J-KyG83tDj2vA=s4196-v1","Indoor playground"
"Playground | Highlands Park","4.4","9",,"cityofsancarlos.org","293 Aberdeen Dr, San Carlos, CA 94070, United States","https://lh3.googleusercontent.com/gps-cs-s/AB5caB-pzt-lg2ALy-etYHCxWUI2LFT3AOnZrXex3h4MiWGW1uQyrvbKKUJo48YfW3qu9_dj8O8G3MDaGIXUV8rPkugzySHZMoltbTBDzAIMGxIdUMj8hh3FZLartwVLBkdoW4ibHP_i=s4196-v1","Playground"
"Playground","4.4","77",,,"3311 W 5th St, Santa Ana, CA 92703, United States","https://lh3.googleusercontent.com/gps-cs-s/AB5caB9K1qsDPI0pXS_ezQzTKrHWpfV9TjmXbtXFm9wZLo5fj0HKfYWFNOh6RJF5R8rO7Ot45CV-8X1w-NQ4hxpdEIgqNHRngrl0aONUU7WO8x1UhBqISGaluPjmsnPoFT4kWlRxA7dveg=s4196-v1","Playground"
"Clover Park - Playground 2","4.1","12",,"smgov.net","Santa Monica, CA 90405, United States","https://lh3.googleusercontent.com/gps-cs-s/AB5caB8l23OJYQQXrfG8Q-PyGwMUPJNLq-maMve_X29XObXBo0PICO-GOn4JPeBOKYqmMWgzkQveIo_7MhRSf3rdXT56J71YsgX30IKB3Y__DpfrIkura0HOVsYOwlmlJAuDkn8goaCkKg=s4196-v1","Playground"
"Lions Park","4.6","659","+1 714-754-5300","costamesaca.gov","570 W 18th St, Costa Mesa, CA 92627, United States","https://lh3.googleusercontent.com/gps-cs-s/AB5caB-HGHRkzVOqWb5ucc9p0oG-g6id6dDIhSzKq9d5Uj6gEANfq7Vf5uidMnxl4h9gHl8804ZZbchuDsHXQFsFMMw22n-vLzA38fxCyVHCvoWliMC7bzzlJiMJF3MzNSOAR259_7DI=s4196-v1","Park"
"Gated Playground | Catamaran Park","4.5","25",,"fostercity.org","Catamaran St, Foster City, CA 94404, United States","https://lh3.googleusercontent.com/gps-cs-s/AB5caB8VuizYTqH6H_C5pacT7d_ITvj_7Xm4yrQgnFwgM3SC4U_M8Os3r1vP5ptugbtyjhxAVNSr0O2H4RDkDqfvTYYGcFyeTLcMXqAxGjCb5swO8hQCSDDopyZPG6JZwrUBokELtL6Q=s4196-v1","Playground"
"Playground","4.5","15",,,"Redwood City, CA 94063, United States","https://lh3.googleusercontent.com/gps-cs-s/AB5caB_IuBfmNWmaaQ4HmvIXpQxF8kv4SxkAqk1erhjGqqSnuV3u9tNIBvbaIudMkG-iRQ9-MMvrrahreh-ijf5txztpLv1T1vEz0ZcaWmCDjb7O71oItqa0PaXsdN8_onzXs4pdmOJVDw=s4196-v1","Playground"
"Railroad Park","4.7","516",,"morganhill.ca.gov","17200-17282 Depot St, Morgan Hill, CA 95037, United States","https://lh3.googleusercontent.com/gps-cs-s/AB5caB9k2Ji-mTzesLxS2q3BauKpQu3f7TZ4IV2ad0XEqYEG3rotrKZ2qsKbQ-lmHxGXgp3xAnPC5PLJCE95zLAk5rES2UtEzCb_t790nKWm2o6RHl1NFirBdrxmUcnRjDNxcAocyldT=s4196-v1","Park"
"South Park Playground","4.7","48",,,"San Francisco, CA 94107, United States","https://lh3.googleusercontent.com/gps-cs-s/AB5caB-D7s_IMFtjViAcsT-Nu_BBSm3hqM0aBI_zoDnHkF7hzM0yACVwwyhB4YQtftcS8OZBQ2bSjdndXMEtXq_Dp9epsdd9r47iv_YQFZH_A3CUsoaRDNgeOMFt-z6TZabdRSoaQ_fP=s4196-v1","Playground"
"Under the Sea Indoor Playground","4.2","267","+1 310-915-1133","undertheseaindoorplayground.com","4147 Sepulveda Blvd, Culver City, CA 90230, United States","https://lh3.googleusercontent.com/gps-cs-s/AB5caB_TI9kkoAaeHENYnpVN_yifppEojjGnkJhDCui4WBckATRsFPMr1zZwtaxFL_1Pnqc5PaNGgpnCNDM2e51uWMDFEkiAT9wfBksuI_BCkKIbVv7UMfWVgKCmruc4YYDC9S0OQmiF=s4196-v1","Indoor playground"
"Playground","4.5","15",,,"368 N Prospect St, Orange, CA 92869, United States","https://lh3.googleusercontent.com/gps-cs-s/AB5caB9-4nNCybQg6alTljmLzGzmw0ADF_I3F9yl-UzHqLwK5FDg663B1IprcMhoLsrgYsKEWLxQqszbHKVsSE25S918f4CwjrXMW2vEKvifvPqqKqtjX_RBiEzuKbqhwS_O-3M9blFhUA=s4196-v1","Playground"
"Dickey Playground","3.6","324",,"fresno.gov","50 N Calaveras St, Fresno, CA 93721, United States","https://lh3.googleusercontent.com/gps-cs-s/AB5caB8sk1YPDKnz4iAGn6jj1-JfuRxI1ZnC63b8_aSYMG-sfRSlt1aHmaKmgb9rj1doIGxV5V7Ew1KMSZviCGibRxg72UGmiyDseqzg5gE6OUkinr03-Y29vbVU4L75ffTPzhd3xYk=s4196-v1","Park"
"Funland on Sunland Indoor Playground","4.5","44","+1 818-934-5263","funlandonsunland.com","8701 Sunland Blvd, Sun Valley, CA 91352, United States","https://lh3.googleusercontent.com/p/AF1QipMrI1vMhnJs66xV-or_G372ddwxj16GnH-pk_KZ=s4196-v1","Indoor playground"
"Culver City Park - Playground","3.3","6","+1 310-253-6650","culvercity.org","Culver City, CA 90232, United States","https://lh3.googleusercontent.com/gps-cs-s/AB5caB9cBKltFp1Msr09zyf0dwzV70nObleQrlYuXfX2Frs0V_CHmKc2lPptP8aGJJFBShre41cpQFVwJ7A9pj-K9WykxmlFuLpo3YgJ48SlT9NcKb-GkAM3s2K0X7EsdXZiuZQCCIJ8=s4196-v1","Playground"
"West Hollywood Park Playground A","4.5","12","+1 323-848-6534",,"647 N San Vicente Blvd, West Hollywood, CA 90069, United States","https://lh3.googleusercontent.com/gps-cs-s/AB5caB9IOqeZL9kSJjE_7iCS0NG-CXCb6QoYFRt9N6iF7ogNnA3FZpP3se0sZsTodQP6o6T2nVoaxF48qfJ0_g5VaFeCpks0baj2NlMoPgGKUcFNbLz_JHL9yZTDakyb4pN_n5a2IQQmIw=s4196-v1","Playground"
"Orchard Playground","4.0","2",,,"40 Griffith Ln, Brentwood, CA 94513, United States","https://streetviewpixels-pa.googleapis.com/v1/thumbnail?panoid=QyC19uih4f7LlO-otk7yuw&cb_client=maps_sv.tactile.gps&w=203&h=100&yaw=269.1978&pitch=0&thumbfov=100","Playground"
"Playground","4.2","15",,,"1025 Elysian Park Dr, Los Angeles, CA 90012, United States","https://lh3.googleusercontent.com/gps-cs-s/AB5caB_X0DhRKGujIZYpFYRDTA4KYn4exDqILF4kuRSZakUHnh-SEPqv-PHv5HCoeZwAEgjnRY10g4MrXm0Hh1bb4e6SD7JYifnLXAliHRfq9R_WKlpX9iGETbOoMC5CQWeak31aKrfm=s4196-v1","Playground"
"Playground","4.3","25",,,"El Sobrante, CA 94803, United States","https://lh3.googleusercontent.com/gps-cs-s/AB5caB9eFQ_sdG1AvDJn65-CE243rtBWKePtw0C7LbwzqybqRfCOtWXTwJcJ9MLEZVlutk4NgHTwHrEy7U5RW9ZdIsTA6DfZm5dki5sbPu19xRV6nIBmuq5bkvXeJE1_dJU3xhNApEpuTQ=s4196-v1","Playground"
"Kid's Playground","4.0","3",,,"2200 Virginia Ave, Santa Monica, CA 90404, United States","https://lh3.googleusercontent.com/gps-cs-s/AB5caB_3ydxqloTGbLVOI_GPv484xFU6h-oYjOx6yxMqBCQeowCw_8XwAuVb6Oy8yhEup32p6eYk0zIRJhxIulPh6dMJ401J0dg-2jM9tLqHYZC3ofXUlF8En-ts0C33KDzmjBDyzzopZA=s4196-v1","Playground"
"Paradise Playland","4.4","57","+1 559-502-0611","theparadiseplayland.com","3448 S Mooney Blvd, Visalia, CA 93277, United States","https://lh3.googleusercontent.com/p/AF1QipOG88CY9Ve60wZLKVaNWgnTPDwGeBkzk3Xhld2c=s4196-v1","Playground"
"Kids Rock and Play Area","4.6","13",,,"Great Park, Great Park Blvd, Irvine, CA 92618, United States","https://lh3.googleusercontent.com/gps-cs-s/AB5caB9ObFRsXAWUlB2FVMV1LpUFQXh0zl01RB-lbBkq-HWr0N4dPXuoC0Pd-nnTYX857MZzjEP1cG8UQLB0JSxM4gBewv3k2KNzeadXSAGEwYS42MWpye2EgXP9Wc7xpVkjFYMBPIF3=s4196-v1","Playground"
"Walnut Park South Playground","4.6","25",,,"Davis, CA 95618, United States","https://lh3.googleusercontent.com/gps-cs-s/AB5caB8E9lpqQMvy_dJaRj1xDaesrRRV8IxhypAGJ36KMXikgaVDSQl1u2MYfPOIjp0WnbvmaRyalS2084N4--T_KXgaBArqUrjPOwZaLkRFWtqvMz0LpZfdksZVqrMEm3GSs7taVjGEZg=s4196-v1","Playground"
"THE PLAYGROUND","4.4","424","+1 619-724-6350","theplayground4kids.com","5500 Grossmont Center Dr #125, La Mesa, CA 91942, United States","https://lh3.googleusercontent.com/p/AF1QipMsE-PzyMpIGe-0zZoOiPq7BfYs4U9Ko6OUcW0K=s4196-v1","Indoor playground"
"Playground","4.3","11",,,"1 World Wy, Los Angeles, CA 90045, United States","https://lh3.googleusercontent.com/gps-cs-s/AB5caB9avQd2AmMS3uCE_k6z5k3wWeDo3_Cnz3bkMSQXSbcbnemh5Z3oLH1khwhn4DnwtT8mVcx0TRZp46Wfc6JKPjC9iRkSLX-oPDYopKxWCGjVLj1mKey5wTAlCpGSPiV8ZW7wgZl1KA=s4196-v1","Playground"
"Livermore Community Park","4.5","297","+1 916-355-7285","folsom.ca.us","6004 Riley St, Folsom, CA 95630, United States","https://lh3.googleusercontent.com/gps-cs-s/AB5caB_jxtzTlrzQ3ZEUVD9ddeMCeUre86l6-G_7kOLl1qSh9fjPDyoEKrhrf-vnpCfbaboRhRlSjsYmw5NKWbM7lTotOywuBrvWBYvD5F92Dpx33uyrOUdmgpXgtat_IeJ7whJ0N_YBIw=s4196-v1","Park"
"Playground","4.3","9",,,"1665 9th St #1651, Anaheim, CA 92802, United States","https://lh3.googleusercontent.com/gps-cs-s/AB5caB9p7x3VCPBuVrbOYegb-8X9gx5i-Tyl98PGyYN1ZNEH1VV37CcOsoQ7O1LqYfcwsz5-1q6ffM859lZ5XVzct3SL6BAQuNJzax_2LX4ylqtx7YWsh6luqog3HgoIVz_Jr2ruUeAeqA=s4196-v1","Playground"
"Hunter Hobby Park","4.5","1856","+1 951-779-9024","riversideca.gov","1401 Iowa Ave, Riverside, CA 92507, United States","https://lh3.googleusercontent.com/gps-cs-s/AB5caB85A152TjNHqR0xjnKbOYJsYu-VY_NkA7pHsUps2QKwThhu3guUjQhHYppxHvSWzrXZ_X6tqJOfmSXo7JDt91DWqlYlQ3Niv2tm5odHbn1F_xAoVwsGpSniNWSVFlDB_ej6UrCr=s4196-v1","Park"
"Lagoon Park Playground","4.2","63",,"marincountyparks.org","160 Armory Dr, San Rafael, CA 94903, United States","https://lh3.googleusercontent.com/gps-cs-s/AB5caB-SKVp3-3iuyWvkzpx61gHayw44n3MxDjaKj8sgomhfoXTZQdPmfC9xjjrL8-Kv7bQ0r2pMhMgUv04X6pY0yC4SzZXF8L3O-j5nSiix_T-plzKos0PrEEc_3KbdF2XiBT4ZVEg=s4196-v1","Playground"
"Humboldt Park playground","4.5","4",,,"1172 Humboldt St, Santa Rosa, CA 95404, United States","https://lh3.googleusercontent.com/gps-cs-s/AB5caB9Butes-omepvR3-6sikwsgdtGTlQwIeuDgE1wXB9EJ3By4rT6eXG7cYuC4cXGsFXfn6rnJUHM87_1F2epfC3oirkaPgnT6r4MKZImcB_aA6_gwH2D2xktjU2D3LLvz0Y6TnATx=s4196-v1","Playground"
"Junipero Serra Park Playground","4.7","29","+1 650-589-5708","smcgov.org","Unnamed Road, 1801 Crystal Springs Rd, San Bruno, CA 94066, United States","https://lh3.googleusercontent.com/gps-cs-s/AB5caB-OGVsQAsvvUZcIml3qx_4y-Ikb0pXwzAlJwZDeI15Uhd_fWWhAzKcfYjc7ZJrKfX2NJND_0TN4hlLarvqRqWZFPFfGBuP4_tpj7rOJ9QgK1huSLXgu5Dihjd3sxww9XoQTBAOv=s4196-v1","Playground"
"Piedmont Park Playground","4.4","5",,,"120 Vista Ave, Piedmont, CA 94611, United States","https://streetviewpixels-pa.googleapis.com/v1/thumbnail?panoid=y27w76Icsiehgll4uxBV9w&cb_client=maps_sv.tactile.gps&w=203&h=100&yaw=181.27803&pitch=0&thumbfov=100","Playground"
"Polliwog Park","4.6","2116","+1 310-802-5448","manhattanbeach.gov","1601 Manhattan Beach Blvd, Manhattan Beach, CA 90266, United States","https://lh3.googleusercontent.com/gps-cs-s/AB5caB8tmM6872d6obQl_Wl8ANa-aZKV4Nhbwx-cLuvy7LbAzVV0Keb85O3qpZPFY_qaV5GkCGG-QKE0UldupNwpeqtzmq6VoqIOzOT7LVIrv_zvrMJEzAj6Zq_mEfFNOjI-YgFr2Fco=s4196-v1","Park"
"Roeding Park","4.4","1612","+1 559-621-7529","fresno.gov","890 W Belmont Ave, Fresno, CA 93728, United States","https://lh3.googleusercontent.com/gps-cs-s/AB5caB-K50Fk8yJyZV7V4L7heRky5NSPhz_SUFB-_jZx6VXHn1nw1q5t8sKx9Tjlv28b_RLPjNktpWWIhMST1OkyIiHo8YLXdC8-3CQC-NqhiXT5rY4S8rgePhq0qeusm8a0eh4ImHESqw=s4196-v1","Park"
"Playground","4.8","13",,,"16252 Countess Dr, Huntington Beach, CA 92649, United States","https://lh3.googleusercontent.com/gps-cs-s/AB5caB_Jt5sfNal8zdkeBdsRhHa8LxE_PU_cRf2ozWHE4rni7Ei941cYF4eWC-E8x6KeBGAQ5LWNDjcQLqcmES-gkSrQwwAuHjBsAKToJfCoyloCb1_HtLPL2_Kn6Kb1cOUnGrNGr7879w=s4196-v1","Playground"
"Helen Diller Civic Center Playground","4.5","77",,"sfrecpark.org","55 Larkin St, San Francisco, CA 94102, United States","https://lh3.googleusercontent.com/gps-cs-s/AB5caB93uDG11dh7aFU78SFc1Q6RpPAUbyUpsZxaZtL6I2apA9gExmcumtARMNGp_Em-HlR4q3pscfOpgmq1EZF5DX8mCBzgDg3qcH3KhwlH9n2Sy4nbKa3KW1Ski7fHvgNSLRV-pR92kQ=s4196-v1","Playground"
"Ridgeline Park","4.6","190","+1 951-736-2241","coronaca.gov","2850 Ridgeline Dr, Corona, CA 92882, United States","https://lh3.googleusercontent.com/gps-cs-s/AB5caB__yTHtTABxIhr8iOvy_7cWcTKXF6tkhTgP7hAGwoGVKH00sh87OOFj4vfOwlT7AJRe9pAVbR-agVWCl_7h-BWj1R1EumJ9JApdQASlUQ2_5wFtPWsjXLRFVoFrmCA8zVA4yRq8=s4196-v1","Park"
"Campbell Park Playground","4.1","46",,,"Woodland, CA 95776, United States","https://lh3.googleusercontent.com/gps-cs-s/AB5caB8MkQ_SG9PKfsLK_LhFUlcw3URloeD5tE_kTZelWI-dFPBGACGN4Asq6MTpfmrN_nLYBmTbm0-ii6cG0F2vS71pEBr-czo40G4neIh2g1TwJ7HDMdw0yGyOUSLhmMrb1y2LJctq=s4196-v1","Playground"
"Holman Park","4.2","181","+1 559-488-1502",,"6522 N West Ave, Fresno, CA 93711, United States","https://lh3.googleusercontent.com/gps-cs-s/AB5caB8e6lW4IFzy73gb07K0HLg22CleRok3k0f1Vq5YT4Y2yK_pvOMCwJCoUVtVMlpHOX38tfYqxApgaLywhrvrLv8O5OeIMQjO4rf2ZLDb_FGQanqcSy40rhQFKlyRgu3tUJ0gYloK=s4196-v1","Park"
"Playground","4.4","38",,,"Hamilton Park, Menlo Park, CA 94025, United States","https://lh3.googleusercontent.com/gps-cs-s/AB5caB9zjPIE7I6hOE1GUExiqinnvgXMrdATtrH730E0MBdZA4I0BcTF48XddMi0f9P6tTSe57xZGMkfNO5bpUZK5VfBEQg2Xi801dWIDoDc9wxQimW0j-28qAP701JuppNkPJ_04h0=s4196-v1","Playground"
"English Springs Park","4.7","1671","+1 909-364-2700","chinohills.org","2201 Grand Ave, Chino Hills, CA 91709, United States","https://lh3.googleusercontent.com/gps-cs-s/AB5caB-erREUGN5uDl6StN1QhKdXFFg4vfeGbIU1BvTVj9QLvAWBZCATlkDfUNtwRZyEVveZxYtRkUB8V2j-q54pcJJ5ddBh7pLyU_qml4yd4lXzuJcFX0DjiPTe7XTojzRIwdAuY9-G=s4196-v1","Park"
"Paradise Gardens Park","4.7","12130","+1 714-781-4636","disneyland.disney.go.com","1313 Disneyland Dr, Anaheim, CA 92802, United States","https://lh3.googleusercontent.com/gps-cs-s/AB5caB9IOBKflk5DkvjeuWc7eFy4pjnr_3UnC06P2ZawclTgOS_dpRAtpathKuJmWutel5d9mV9TtVxcz-i6g_rvrKJaY4vrBrUv51r6BhgQiCsEaqHAndnDmGcqB4LXUfcQ1yTSgdg=s4196-v1","Amusement park"
"Kids Playground | Santa Clara Central Park","4.4","5",,,"Santa Clara, CA 95051, United States","https://lh3.googleusercontent.com/gps-cs-s/AB5caB8SvjTiCC-b8s0JewR21qbpV9nd3_cmrIhlkJrbPFlEK0H3vW50XCRKqx-ONs1HC5FiBMHhxrHekJiaPEsAGyeXYxpj_nPFZwZQC8kMDs7Cia5hS8GgVBkHxbdEQdv2ydHw6TDVYQ=s4196-v1","Playground"
"Harry M. Dotson Park","4.2","354","+1 714-890-4270","stantonca.gov","10350 Fern Ave, Stanton, CA 90680, United States","https://lh3.googleusercontent.com/gps-cs-s/AB5caB84dMgvkKh_vhucqIk0pWv55SQY64amw5hfY67vTXekndtalTTkO1PrvKgWH5AA8GzBP2BDOVL-eyquGa3XxKHPha627nMt3L8qBkbVA6jgTh0jfNyyWDrVMQ7LVk531vJZbo8J=s4196-v1","Park"
"Seymour Park Playground","4.6","27",,"cityofsacramento.org","857 Royal Green Ave, Sacramento, CA 95831, United States","https://lh3.googleusercontent.com/gps-cs-s/AB5caB9vzI6-ORhbtDTDk7arh96G3WuM0vXvJPVFObGXN3DT3f7YgIsIEvF_9WdgCZmetCrOz-nsycsZoZsUEq-0BWi6l3CPd-svKElBbYcpVVXTABD3HCDodILllBzXsXFp2A=s4196-v1","Playground"
"Montague park playground","4.8","13",,,"3595 MacGregor Ln, Santa Clara, CA 95054, United States","https://lh3.googleusercontent.com/gps-cs-s/AB5caB9EB0-CENmbr80VYHtnWbIw5rS-a4cDtvYgXmXgFySkgTPx_X1123zHJvxvq2-RHok8wRIeyjRB-FGzMQumj4nQyDORBqihK-tSdsgVeYYxhdzxu7z8qRahvBhoM6qCKTtOL-yj5g=s4196-v1","Playground"
"Santa Monica Playground","5.0","1",,,"810 CA-1, Santa Monica, CA 90403, United States","https://streetviewpixels-pa.googleapis.com/v1/thumbnail?panoid=A1gtU4EiZ3MsQxyPuZkxpA&cb_client=maps_sv.tactile.gps&w=203&h=100&yaw=59.24029&pitch=0&thumbfov=100","Playground"
"Playground | Liberty Park","5.0","2",,,"19211 Studebaker Rd, Cerritos, CA 90703, United States","https://lh3.googleusercontent.com/gps-cs-s/AB5caB-YFlW3nT8pQl1cAl8-6w5gtaRxxShUDn9XB2AhWLuFsRyW7BZHVnH61AGFs0PuqIFHig2dc_IDs3ciWNVm8fnEuG2w4HPds_mOr-A6exCB3_taZtNAVZtG8AKO6RrzO38VJutU=s4196-v1","Playground"
"Children's Playground","5.0","3",,,"Encino, CA 91316, United States","https://lh3.googleusercontent.com/gps-cs-s/AB5caB_52DLSVHvJ5uokKk1nq2tnDmRmUUTxKtio7DY-ydiEAE4uQnQUoAuuSWSr48uMPrW13vw1yE-ixqnlkvV8eoEV56Ae2p6REfy26lEEJnbqtzO0TZ0AW2JlqARlWy-ZIqHWqFw=s4196-v1","Playground"
"Old Meadows Park","4.7","175","+1 805-495-6471","crpd.org","1600 Marview Dr, Thousand Oaks, CA 91362, United States","https://lh3.googleusercontent.com/gps-cs-s/AB5caB_IldM4GYYatzcV-q-GqXdZyfLj9p_-nHSNpfKt6fd1sBR3HneoSTNWDKdaPPJZ7Xe9c82rz2gTIyCFBlxOBdVOp8D80OpyGuhqRJIzYY4rNkFEWY7uGf47gwIVPbPPLBbAGh88=s4196-v1","Park"
"Children's Playground","4.1","15",,,"2500-2698 E Ocean Blvd, Long Beach, CA 90803, United States","https://lh3.googleusercontent.com/gps-cs-s/AB5caB-Zqak3cqXQNkGkpVKpKygsQ2iwNs9P5YgXw3bRHq0u8SXzLaJGTBBQAgFZY_yvic0VOAx4ZlZVY7bL_d5J39DbP1xLWiYL2T_4NdT5qi1ZCZnWcb42MRj4-sViwgIgG2RfhafIWQ=s4196-v1","Playground"
"Quigley Playground","3.8","445","+1 559-621-7529","fresno.gov","808 W Dakota Ave, Fresno, CA 93705, United States","https://lh3.googleusercontent.com/gps-cs-s/AB5caB-MO70bO7aD8G6Hj_EkPcik-BakH12jC79sgO_kE61pQF_dLKJYQZR-XF0xIW_rbqIkLitMM8PKdThP6wp-7Cx_VhC40XKQkVAv6YAYvryq_Lte6OruG3tAs3CjBz9hrJV5edQ=s4196-v1","Park"
"Play Ground, LLC","4.4","56","+1 510-363-9231","playgroundcv.com","3169 Castro Valley Blvd, Castro Valley, CA 94546, United States","https://lh3.googleusercontent.com/gps-cs-s/AB5caB_QXDPza-QdVV_VjAt4UbSnRe-BYDXGZvylw9pEu-SY-ORgJTMqZmbepjTB1H8L2JWqfOZxMPgLeB6ZO-ArsF9s8w_c5awp4A-7uKE9lgAeooC4fPubDgM9MO3ekoON-0mWz3Ug=s4196-v1","Indoor playground"
"Playground","5.0","1",,,"American Canyon, CA 94503, United States",,"Playground"
"Playground","4.8","4",,,"2400 Montana Ave, Santa Monica, CA 90403, United States",,"Playground"
"Playground","4.4","13",,,"Commerce, CA 90040, United States",,"Playground"
